<?xml version="1.0" encoding="UTF-8"?><CapabilityStatement xmlns="http://hl7.org/fhir"><id value="capabilitystatement-cdl-createur"/><text><status value="extensions"/><div xmlns="http://www.w3.org/1999/xhtml"><h2>cdl-createur</h2><div><p>Le créateur de contenu est une personne ou une entité qui alimente le cahier de liaison par des informations
qui ont vocation à être partagées. Le créateur de contenu peut être un logiciel métier
installé sur un ordinateur, une application installée sur un téléphone mobile ou une
tablette ainsi que tout autre dispositif utilisé par une personne ou une entité pour
alimenter le cahier de liaison.</p>
</div><table><tr><td>Mode</td><td>CLIENT</td></tr><tr><td>Description</td><td/></tr><tr><td>Transaction</td><td>y</td></tr><tr><td>System History</td><td></td></tr><tr><td>System Search</td><td></td></tr></table><table><tr><th><b>Resource Type</b></th><th><b>Profile</b></th><th><b title="GET a resource (read interaction)">Read</b></th><th><b title="GET all set of resources of the type (search interaction)">Search</b></th><th><b title="PUT a new resource version (update interaction)">Update</b></th><th><b title="POST a new resource (create interaction)">Create</b></th><th><b title="DELETE a resource (delete interaction)">Delete</b></th></tr><tr><td>DocumentReference</td><td><a href="http://esante.gouv.fr/ci-sis/fhir/StructureDefinition/cdl-documentreference">http://esante.gouv.fr/ci-sis/fhir/StructureDefinition/cdl-documentreference</a></td><td></td><td></td><td>y</td><td></td><td>y</td></tr></table></div></text><url value="http://esante.gouv.fr/ci-sis/fhir/CapabilityStatement/capabilitystatement-cdl-createur"/><version value="1.0"/><name value="cdl-createur"/><status value="draft"/><experimental value="true"/><date value="2022-12-19"/><publisher value="ANS"/><contact><name value="ANS"/><telecom><system value="url"/><value value="http://esante.gouv.fr"/></telecom></contact><description value="Le créateur de contenu est une personne ou une entité qui alimente le cahier de liaison par des informations &#xA;qui ont vocation à être partagées. Le créateur de contenu peut être un logiciel métier&#xA;installé sur un ordinateur, une application installée sur un téléphone mobile ou une &#xA;tablette ainsi que tout autre dispositif utilisé par une personne ou une entité pour &#xA;alimenter le cahier de liaison."/><kind value="capability"/><fhirVersion value="4.3.0"/><format value="xml"/><format value="json"/><patchFormat value="application/xml-patch+xml"/><patchFormat value="application/json-patch+json"/><implementationGuide value="http://esante.gouv.fr/ci-sis/fhir/ImplementationGuide/CISIS.CDL"/><rest><mode value="client"/><security><description value="See Smart on FHIR documentation"/></security><resource><type value="DocumentReference"/><profile value="http://esante.gouv.fr/ci-sis/fhir/StructureDefinition/cdl-documentreference"/><interaction><code value="update"/></interaction><interaction><code value="delete"/></interaction><conditionalDelete value="single"/><searchInclude value="Device"/><searchParam><name value="subject"/><definition value="http://hl7.org/fhir/SearchParameter/DocumentReference-subject"/><type value="reference"/><documentation value="Permet la recherche sur les sujets de la note"/></searchParam><searchParam><name value="author"/><definition value="http://hl7.org/fhir/SearchParameter/DocumentReference-author"/><type value="reference"/><documentation value="Permet la recherche sur l'auteur de la note"/></searchParam><searchParam><name value="date"/><definition value="http://hl7.org/fhir/SearchParameter/DocumentReference-date"/><type value="date"/><documentation value="Permet la recherche sur la date de création de la note"/></searchParam><searchParam><name value="type"/><definition value="http://hl7.org/fhir/SearchParameter/DocumentReference-type"/><type value="token"/><documentation value="Permet la recherche sur le type de la note"/></searchParam><searchParam><name value="security-label"/><definition value="http://hl7.org/fhir/SearchParameter/DocumentReference-security-label"/><type value="token"/><documentation value="Permet la recherche sur le degré de restriction de l'audience de la note"/></searchParam></resource><interaction><code value="transaction"/></interaction></rest></CapabilityStatement>