{"resourceType":"CapabilityStatement","id":"capabilitystatement-cdl-createur","text":{"status":"extensions","div":"<div xmlns=\"http://www.w3.org/1999/xhtml\"><h2>cdl-createur</h2><div><p>Le créateur de contenu est une personne ou une entité qui alimente le cahier de liaison par des informations\nqui ont vocation à être partagées. Le créateur de contenu peut être un logiciel métier\ninstallé sur un ordinateur, une application installée sur un téléphone mobile ou une\ntablette ainsi que tout autre dispositif utilisé par une personne ou une entité pour\nalimenter le cahier de liaison.</p>\n</div><table><tr><td>Mode</td><td>CLIENT</td></tr><tr><td>Description</td><td/></tr><tr><td>Transaction</td><td>y</td></tr><tr><td>System History</td><td></td></tr><tr><td>System Search</td><td></td></tr></table><table><tr><th><b>Resource Type</b></th><th><b>Profile</b></th><th><b title=\"GET a resource (read interaction)\">Read</b></th><th><b title=\"GET all set of resources of the type (search interaction)\">Search</b></th><th><b title=\"PUT a new resource version (update interaction)\">Update</b></th><th><b title=\"POST a new resource (create interaction)\">Create</b></th><th><b title=\"DELETE a resource (delete interaction)\">Delete</b></th></tr><tr><td>DocumentReference</td><td><a href=\"http://esante.gouv.fr/ci-sis/fhir/StructureDefinition/cdl-documentreference\">http://esante.gouv.fr/ci-sis/fhir/StructureDefinition/cdl-documentreference</a></td><td></td><td></td><td>y</td><td></td><td>y</td></tr></table></div>"},"url":"http://esante.gouv.fr/ci-sis/fhir/CapabilityStatement/capabilitystatement-cdl-createur","version":"1.0","name":"cdl-createur","status":"draft","experimental":true,"date":"2022-12-19","publisher":"ANS","contact":[{"name":"ANS","telecom":[{"system":"url","value":"http://esante.gouv.fr"}]}],"description":"Le créateur de contenu est une personne ou une entité qui alimente le cahier de liaison par des informations \nqui ont vocation à être partagées. Le créateur de contenu peut être un logiciel métier\ninstallé sur un ordinateur, une application installée sur un téléphone mobile ou une \ntablette ainsi que tout autre dispositif utilisé par une personne ou une entité pour \nalimenter le cahier de liaison.","kind":"capability","fhirVersion":"4.3.0","format":["xml","json"],"patchFormat":["application/xml-patch+xml","application/json-patch+json"],"implementationGuide":["http://esante.gouv.fr/ci-sis/fhir/ImplementationGuide/CISIS.CDL"],"rest":[{"mode":"client","security":{"description":"See Smart on FHIR documentation"},"resource":[{"type":"DocumentReference","profile":"http://esante.gouv.fr/ci-sis/fhir/StructureDefinition/cdl-documentreference","interaction":[{"code":"update"},{"code":"delete"}],"conditionalDelete":"single","searchInclude":["Device"],"searchParam":[{"name":"subject","definition":"http://hl7.org/fhir/SearchParameter/DocumentReference-subject","type":"reference","documentation":"Permet la recherche sur les sujets de la note"},{"name":"author","definition":"http://hl7.org/fhir/SearchParameter/DocumentReference-author","type":"reference","documentation":"Permet la recherche sur l'auteur de la note"},{"name":"date","definition":"http://hl7.org/fhir/SearchParameter/DocumentReference-date","type":"date","documentation":"Permet la recherche sur la date de création de la note"},{"name":"type","definition":"http://hl7.org/fhir/SearchParameter/DocumentReference-type","type":"token","documentation":"Permet la recherche sur le type de la note"},{"name":"security-label","definition":"http://hl7.org/fhir/SearchParameter/DocumentReference-security-label","type":"token","documentation":"Permet la recherche sur le degré de restriction de l'audience de la note"}]}],"interaction":[{"code":"transaction"}]}]}