{"resourceType":"StructureDefinition","id":"cdl-documentreference","text":{"status":"extensions","div":"<div xmlns=\"http://www.w3.org/1999/xhtml\"><table border=\"0\" cellpadding=\"0\" cellspacing=\"0\" style=\"border: 0px #F0F0F0 solid; font-size: 11px; font-family: verdana; vertical-align: top;\"><tr style=\"border: 1px #F0F0F0 solid; font-size: 11px; font-family: verdana; vertical-align: top\"><th style=\"vertical-align: top; text-align : left; background-color: white; border: 0px #F0F0F0 solid; padding:0px 4px 0px 4px\" class=\"hierarchy\"><a href=\"https://build.fhir.org/ig/FHIR/ig-guidance/readingIgs.html#table-views\" title=\"The logical name of the element\">Name</a></th><th style=\"vertical-align: top; text-align : left; background-color: white; border: 0px #F0F0F0 solid; padding:0px 4px 0px 4px\" class=\"hierarchy\"><a href=\"https://build.fhir.org/ig/FHIR/ig-guidance/readingIgs.html#table-views\" title=\"Information about the use of the element\">Flags</a></th><th style=\"vertical-align: top; text-align : left; background-color: white; border: 0px #F0F0F0 solid; padding:0px 4px 0px 4px\" class=\"hierarchy\"><a href=\"https://build.fhir.org/ig/FHIR/ig-guidance/readingIgs.html#table-views\" title=\"Minimum and Maximum # of times the the element can appear in the instance\">Card.</a></th><th style=\"width: 100px\" class=\"hierarchy\"><a href=\"https://build.fhir.org/ig/FHIR/ig-guidance/readingIgs.html#table-views\" title=\"Reference to the type of the element\">Type</a></th><th style=\"vertical-align: top; text-align : left; background-color: white; border: 0px #F0F0F0 solid; padding:0px 4px 0px 4px\" class=\"hierarchy\"><a href=\"https://build.fhir.org/ig/FHIR/ig-guidance/readingIgs.html#table-views\" title=\"Additional information about the element\">Description &amp; Constraints</a><span style=\"float: right\"><a href=\"https://build.fhir.org/ig/FHIR/ig-guidance/readingIgs.html#table-views\" title=\"Legend for this format\"><img src=\"http://hl7.org/fhir/R4/help16.png\" alt=\"doco\" style=\"background-color: inherit\"/></a></span></th></tr><tr style=\"border: 0px #F0F0F0 solid; padding:0px; vertical-align: top; background-color: white\"><td style=\"vertical-align: top; text-align : left; background-color: white; border: 0px #F0F0F0 solid; padding:0px 4px 0px 4px; white-space: nowrap; background-image: url(tbl_bck1.png)\" class=\"hierarchy\"><img src=\"tbl_spacer.png\" alt=\".\" style=\"background-color: inherit\" class=\"hierarchy\"/><img src=\"icon_resource.png\" alt=\".\" style=\"background-color: white; background-color: inherit\" title=\"Resource\" class=\"hierarchy\"/> <a href=\"StructureDefinition-cdl-documentreference-definitions.html#DocumentReference\">DocumentReference</a><a name=\"DocumentReference\"> </a></td><td style=\"vertical-align: top; text-align : left; background-color: white; border: 0px #F0F0F0 solid; padding:0px 4px 0px 4px\" class=\"hierarchy\"/><td style=\"vertical-align: top; text-align : left; background-color: white; border: 0px #F0F0F0 solid; padding:0px 4px 0px 4px\" class=\"hierarchy\"><span style=\"opacity: 0.5\">0</span><span style=\"opacity: 0.5\">..</span><span style=\"opacity: 0.5\">*</span></td><td style=\"vertical-align: top; text-align : left; background-color: white; border: 0px #F0F0F0 solid; padding:0px 4px 0px 4px\" class=\"hierarchy\"><a href=\"http://hl7.org/fhir/R4/documentreference.html\">DocumentReference</a></td><td style=\"vertical-align: top; text-align : left; background-color: white; border: 0px #F0F0F0 solid; padding:0px 4px 0px 4px\" class=\"hierarchy\"><span style=\"opacity: 0.5\">A reference to a document</span></td></tr>\r\n<tr style=\"border: 0px #F0F0F0 solid; padding:0px; vertical-align: top; background-color: #F7F7F7\"><td style=\"vertical-align: top; text-align : left; background-color: #F7F7F7; border: 0px #F0F0F0 solid; padding:0px 4px 0px 4px; white-space: nowrap; background-image: url(tbl_bck10.png)\" class=\"hierarchy\"><img src=\"tbl_spacer.png\" alt=\".\" style=\"background-color: inherit\" class=\"hierarchy\"/><img src=\"tbl_vjoin.png\" alt=\".\" style=\"background-color: inherit\" class=\"hierarchy\"/><img src=\"icon_element.gif\" alt=\".\" style=\"background-color: #F7F7F7; background-color: inherit\" title=\"Element\" class=\"hierarchy\"/> <a href=\"StructureDefinition-cdl-documentreference-definitions.html#DocumentReference.status\">status</a><a name=\"DocumentReference.status\"> </a></td><td style=\"vertical-align: top; text-align : left; background-color: #F7F7F7; border: 0px #F0F0F0 solid; padding:0px 4px 0px 4px\" class=\"hierarchy\"/><td style=\"vertical-align: top; text-align : left; background-color: #F7F7F7; border: 0px #F0F0F0 solid; padding:0px 4px 0px 4px\" class=\"hierarchy\"><span style=\"opacity: 0.5\">1</span><span style=\"opacity: 0.5\">..</span><span style=\"opacity: 0.5\">1</span></td><td style=\"vertical-align: top; text-align : left; background-color: #F7F7F7; border: 0px #F0F0F0 solid; padding:0px 4px 0px 4px\" class=\"hierarchy\"><a style=\"opacity: 0.5\" href=\"http://hl7.org/fhir/R4/datatypes.html#code\">code</a></td><td style=\"vertical-align: top; text-align : left; background-color: #F7F7F7; border: 0px #F0F0F0 solid; padding:0px 4px 0px 4px\" class=\"hierarchy\"><span style=\"opacity: 0.5\">current | superseded | entered-in-error</span><br/><span style=\"font-weight:bold\">Required Pattern: </span><span style=\"color: darkgreen\">current</span></td></tr>\r\n<tr style=\"border: 0px #F0F0F0 solid; padding:0px; vertical-align: top; background-color: white\"><td style=\"vertical-align: top; text-align : left; background-color: white; border: 0px #F0F0F0 solid; padding:0px 4px 0px 4px; white-space: nowrap; background-image: url(tbl_bck10.png)\" class=\"hierarchy\"><img src=\"tbl_spacer.png\" alt=\".\" style=\"background-color: inherit\" class=\"hierarchy\"/><img src=\"tbl_vjoin.png\" alt=\".\" style=\"background-color: inherit\" class=\"hierarchy\"/><img src=\"icon_element.gif\" alt=\".\" style=\"background-color: white; background-color: inherit\" title=\"Element\" class=\"hierarchy\"/> <span style=\"text-decoration:line-through\">docStatus</span><a name=\"DocumentReference.docStatus\"> </a></td><td style=\"vertical-align: top; text-align : left; background-color: white; border: 0px #F0F0F0 solid; padding:0px 4px 0px 4px\" class=\"hierarchy\"/><td style=\"vertical-align: top; text-align : left; background-color: white; border: 0px #F0F0F0 solid; padding:0px 4px 0px 4px\" class=\"hierarchy\"><span style=\"text-decoration:line-through\"/><span style=\"text-decoration:line-through\">0</span><span style=\"text-decoration:line-through\">..</span><span style=\"text-decoration:line-through\">0</span></td><td style=\"vertical-align: top; text-align : left; background-color: white; border: 0px #F0F0F0 solid; padding:0px 4px 0px 4px\" class=\"hierarchy\"/><td style=\"vertical-align: top; text-align : left; background-color: white; border: 0px #F0F0F0 solid; padding:0px 4px 0px 4px\" class=\"hierarchy\"/></tr>\r\n<tr style=\"border: 0px #F0F0F0 solid; padding:0px; vertical-align: top; background-color: #F7F7F7\"><td style=\"vertical-align: top; text-align : left; background-color: #F7F7F7; border: 0px #F0F0F0 solid; padding:0px 4px 0px 4px; white-space: nowrap; background-image: url(tbl_bck10.png)\" class=\"hierarchy\"><img src=\"tbl_spacer.png\" alt=\".\" style=\"background-color: inherit\" class=\"hierarchy\"/><img src=\"tbl_vjoin.png\" alt=\".\" style=\"background-color: inherit\" class=\"hierarchy\"/><img src=\"icon_element.gif\" alt=\".\" style=\"background-color: #F7F7F7; background-color: inherit\" title=\"Element\" class=\"hierarchy\"/> <a href=\"StructureDefinition-cdl-documentreference-definitions.html#DocumentReference.type\">type</a><a name=\"DocumentReference.type\"> </a></td><td style=\"vertical-align: top; text-align : left; background-color: #F7F7F7; border: 0px #F0F0F0 solid; padding:0px 4px 0px 4px\" class=\"hierarchy\"/><td style=\"vertical-align: top; text-align : left; background-color: #F7F7F7; border: 0px #F0F0F0 solid; padding:0px 4px 0px 4px\" class=\"hierarchy\">1..<span style=\"opacity: 0.5\">1</span></td><td style=\"vertical-align: top; text-align : left; background-color: #F7F7F7; border: 0px #F0F0F0 solid; padding:0px 4px 0px 4px\" class=\"hierarchy\"><a style=\"opacity: 0.5\" href=\"http://hl7.org/fhir/R4/datatypes.html#CodeableConcept\">CodeableConcept</a></td><td style=\"vertical-align: top; text-align : left; background-color: #F7F7F7; border: 0px #F0F0F0 solid; padding:0px 4px 0px 4px\" class=\"hierarchy\"><span style=\"opacity: 0.5\">Kind of document (LOINC if possible)</span><br/><span style=\"font-weight:bold\">Binding: </span><a href=\"https://mos.esante.gouv.fr/NOS/JDV_J23-TypeNoteCahierLiaison-CISIS/FHIR/JDV-J23-TypeNoteCahierLiaison-CISIS\">https://mos.esante.gouv.fr/NOS/JDV_J23-TypeNoteCahierLiaison-CISIS/FHIR/JDV-J23-TypeNoteCahierLiaison-CISIS</a> (<a href=\"http://hl7.org/fhir/R4/terminologies.html#required\" title=\"To be conformant, the concept in this element SHALL be from the specified value set.\">required</a>)</td></tr>\r\n<tr style=\"border: 0px #F0F0F0 solid; padding:0px; vertical-align: top; background-color: white\"><td style=\"vertical-align: top; text-align : left; background-color: white; border: 0px #F0F0F0 solid; padding:0px 4px 0px 4px; white-space: nowrap; background-image: url(tbl_bck10.png)\" class=\"hierarchy\"><img src=\"tbl_spacer.png\" alt=\".\" style=\"background-color: inherit\" class=\"hierarchy\"/><img src=\"tbl_vjoin.png\" alt=\".\" style=\"background-color: inherit\" class=\"hierarchy\"/><img src=\"icon_reference.png\" alt=\".\" style=\"background-color: white; background-color: inherit\" title=\"Reference to another Resource\" class=\"hierarchy\"/> <a href=\"StructureDefinition-cdl-documentreference-definitions.html#DocumentReference.subject\">subject</a><a name=\"DocumentReference.subject\"> </a></td><td style=\"vertical-align: top; text-align : left; background-color: white; border: 0px #F0F0F0 solid; padding:0px 4px 0px 4px\" class=\"hierarchy\"/><td style=\"vertical-align: top; text-align : left; background-color: white; border: 0px #F0F0F0 solid; padding:0px 4px 0px 4px\" class=\"hierarchy\">1..<span style=\"opacity: 0.5\">1</span></td><td style=\"vertical-align: top; text-align : left; background-color: white; border: 0px #F0F0F0 solid; padding:0px 4px 0px 4px\" class=\"hierarchy\"><a href=\"http://hl7.org/fhir/R4/references.html\">Reference</a>(<a href=\"https://simplifier.net/resolve?scope=hl7.fhir.fr.core@1.1.0&amp;canonical=http://interopsante.org/fhir/StructureDefinition/FrPatient\">FrPatient</a>)</td><td style=\"vertical-align: top; text-align : left; background-color: white; border: 0px #F0F0F0 solid; padding:0px 4px 0px 4px\" class=\"hierarchy\"><span style=\"opacity: 0.5\">Who/what is the subject of the document</span></td></tr>\r\n<tr style=\"border: 0px #F0F0F0 solid; padding:0px; vertical-align: top; background-color: #F7F7F7\"><td style=\"vertical-align: top; text-align : left; background-color: #F7F7F7; border: 0px #F0F0F0 solid; padding:0px 4px 0px 4px; white-space: nowrap; background-image: url(tbl_bck10.png)\" class=\"hierarchy\"><img src=\"tbl_spacer.png\" alt=\".\" style=\"background-color: inherit\" class=\"hierarchy\"/><img src=\"tbl_vjoin.png\" alt=\".\" style=\"background-color: inherit\" class=\"hierarchy\"/><img src=\"icon_reference.png\" alt=\".\" style=\"background-color: #F7F7F7; background-color: inherit\" title=\"Reference to another Resource\" class=\"hierarchy\"/> <a href=\"StructureDefinition-cdl-documentreference-definitions.html#DocumentReference.author\">author</a><a name=\"DocumentReference.author\"> </a></td><td style=\"vertical-align: top; text-align : left; background-color: #F7F7F7; border: 0px #F0F0F0 solid; padding:0px 4px 0px 4px\" class=\"hierarchy\"/><td style=\"vertical-align: top; text-align : left; background-color: #F7F7F7; border: 0px #F0F0F0 solid; padding:0px 4px 0px 4px\" class=\"hierarchy\">1..<span style=\"opacity: 0.5\">*</span></td><td style=\"vertical-align: top; text-align : left; background-color: #F7F7F7; border: 0px #F0F0F0 solid; padding:0px 4px 0px 4px\" class=\"hierarchy\"><a href=\"http://hl7.org/fhir/R4/references.html\">Reference</a>(<a href=\"https://simplifier.net/resolve?scope=hl7.fhir.fr.core@1.1.0&amp;canonical=http://interopsante.org/fhir/StructureDefinition/FrPractitioner\">FrPractitioner</a> | <a href=\"https://simplifier.net/resolve?scope=ANS.annuaire.fhir.r4@0.2.0&amp;canonical=https://apifhir.annuaire.sante.fr/ws-sync/exposed/structuredefinition/practitionerRole-organizationalRole-rass\">PractitionerRoleOrganizationalRoleRASS</a> | <a href=\"https://simplifier.net/resolve?scope=ANS.annuaire.fhir.r4@0.2.0&amp;canonical=https://apifhir.annuaire.sante.fr/ws-sync/exposed/structuredefinition/practitionerRole-professionalRole-rass\">PractitionerRoleProfessionalRoleRASS</a> | <a href=\"https://simplifier.net/resolve?scope=hl7.fhir.fr.core@1.1.0&amp;canonical=http://interopsante.org/fhir/StructureDefinition/FrOrganization\">FrOrganization</a> | <a href=\"http://hl7.org/fhir/R4/device.html\">Device</a> | <a href=\"https://simplifier.net/resolve?scope=hl7.fhir.fr.core@1.1.0&amp;canonical=http://interopsante.org/fhir/StructureDefinition/FrPatient\">FrPatient</a> | <a href=\"https://simplifier.net/resolve?scope=hl7.fhir.fr.core@1.1.0&amp;canonical=http://interopsante.org/fhir/StructureDefinition/FrRelatedPerson\">FrRelatedPerson</a>)</td><td style=\"vertical-align: top; text-align : left; background-color: #F7F7F7; border: 0px #F0F0F0 solid; padding:0px 4px 0px 4px\" class=\"hierarchy\"><span style=\"opacity: 0.5\">Who and/or what authored the document</span></td></tr>\r\n<tr style=\"border: 0px #F0F0F0 solid; padding:0px; vertical-align: top; background-color: white\"><td style=\"vertical-align: top; text-align : left; background-color: white; border: 0px #F0F0F0 solid; padding:0px 4px 0px 4px; white-space: nowrap; background-image: url(tbl_bck10.png)\" class=\"hierarchy\"><img src=\"tbl_spacer.png\" alt=\".\" style=\"background-color: inherit\" class=\"hierarchy\"/><img src=\"tbl_vjoin.png\" alt=\".\" style=\"background-color: inherit\" class=\"hierarchy\"/><img src=\"icon_element.gif\" alt=\".\" style=\"background-color: white; background-color: inherit\" title=\"Element\" class=\"hierarchy\"/> <a href=\"StructureDefinition-cdl-documentreference-definitions.html#DocumentReference.securityLabel\">securityLabel</a><a name=\"DocumentReference.securityLabel\"> </a></td><td style=\"vertical-align: top; text-align : left; background-color: white; border: 0px #F0F0F0 solid; padding:0px 4px 0px 4px\" class=\"hierarchy\"/><td style=\"vertical-align: top; text-align : left; background-color: white; border: 0px #F0F0F0 solid; padding:0px 4px 0px 4px\" class=\"hierarchy\"><span style=\"opacity: 0.5\">0</span>..1</td><td style=\"vertical-align: top; text-align : left; background-color: white; border: 0px #F0F0F0 solid; padding:0px 4px 0px 4px\" class=\"hierarchy\"><a style=\"opacity: 0.5\" href=\"http://hl7.org/fhir/R4/datatypes.html#CodeableConcept\">CodeableConcept</a></td><td style=\"vertical-align: top; text-align : left; background-color: white; border: 0px #F0F0F0 solid; padding:0px 4px 0px 4px\" class=\"hierarchy\"><span style=\"opacity: 0.5\">Document security-tags</span><br/><span style=\"font-weight:bold\">Binding: </span><a href=\"https://mos.esante.gouv.fr/NOS/JDV_J110-StatutVisibiliteDocument-CISIS/FHIR/JDV-J110-StatutVisibiliteDocument-CISIS\">https://mos.esante.gouv.fr/NOS/JDV_J110-StatutVisibiliteDocument-CISIS/FHIR/JDV-J110-StatutVisibiliteDocument-CISIS</a> (<a href=\"http://hl7.org/fhir/R4/terminologies.html#required\" title=\"To be conformant, the concept in this element SHALL be from the specified value set.\">required</a>)</td></tr>\r\n<tr style=\"border: 0px #F0F0F0 solid; padding:0px; vertical-align: top; background-color: #F7F7F7\"><td style=\"vertical-align: top; text-align : left; background-color: #F7F7F7; border: 0px #F0F0F0 solid; padding:0px 4px 0px 4px; white-space: nowrap; background-image: url(tbl_bck01.png)\" class=\"hierarchy\"><img src=\"tbl_spacer.png\" alt=\".\" style=\"background-color: inherit\" class=\"hierarchy\"/><img src=\"tbl_vjoin_end.png\" alt=\".\" style=\"background-color: inherit\" class=\"hierarchy\"/><img src=\"icon_element.gif\" alt=\".\" style=\"background-color: #F7F7F7; background-color: inherit\" title=\"Element\" class=\"hierarchy\"/> <a href=\"StructureDefinition-cdl-documentreference-definitions.html#DocumentReference.content\">content</a><a name=\"DocumentReference.content\"> </a></td><td style=\"vertical-align: top; text-align : left; background-color: #F7F7F7; border: 0px #F0F0F0 solid; padding:0px 4px 0px 4px\" class=\"hierarchy\"/><td style=\"vertical-align: top; text-align : left; background-color: #F7F7F7; border: 0px #F0F0F0 solid; padding:0px 4px 0px 4px\" class=\"hierarchy\"/><td style=\"vertical-align: top; text-align : left; background-color: #F7F7F7; border: 0px #F0F0F0 solid; padding:0px 4px 0px 4px\" class=\"hierarchy\"/><td style=\"vertical-align: top; text-align : left; background-color: #F7F7F7; border: 0px #F0F0F0 solid; padding:0px 4px 0px 4px\" class=\"hierarchy\"/></tr>\r\n<tr style=\"border: 0px #F0F0F0 solid; padding:0px; vertical-align: top; background-color: white\"><td style=\"vertical-align: top; text-align : left; background-color: white; border: 0px #F0F0F0 solid; padding:0px 4px 0px 4px; white-space: nowrap; background-image: url(tbl_bck000.png)\" class=\"hierarchy\"><img src=\"tbl_spacer.png\" alt=\".\" style=\"background-color: inherit\" class=\"hierarchy\"/><img src=\"tbl_blank.png\" alt=\".\" style=\"background-color: inherit\" class=\"hierarchy\"/><img src=\"tbl_vjoin_end.png\" alt=\".\" style=\"background-color: inherit\" class=\"hierarchy\"/><img src=\"icon_element.gif\" alt=\".\" style=\"background-color: white; background-color: inherit\" title=\"Element\" class=\"hierarchy\"/> <span style=\"text-decoration:line-through\">format</span><a name=\"DocumentReference.content.format\"> </a></td><td style=\"vertical-align: top; text-align : left; background-color: white; border: 0px #F0F0F0 solid; padding:0px 4px 0px 4px\" class=\"hierarchy\"/><td style=\"vertical-align: top; text-align : left; background-color: white; border: 0px #F0F0F0 solid; padding:0px 4px 0px 4px\" class=\"hierarchy\"><span style=\"text-decoration:line-through\"/><span style=\"text-decoration:line-through\">0</span><span style=\"text-decoration:line-through\">..</span><span style=\"text-decoration:line-through\">0</span></td><td style=\"vertical-align: top; text-align : left; background-color: white; border: 0px #F0F0F0 solid; padding:0px 4px 0px 4px\" class=\"hierarchy\"/><td style=\"vertical-align: top; text-align : left; background-color: white; border: 0px #F0F0F0 solid; padding:0px 4px 0px 4px\" class=\"hierarchy\"/></tr>\r\n<tr><td colspan=\"5\" class=\"hierarchy\"><br/><a href=\"https://build.fhir.org/ig/FHIR/ig-guidance/readingIgs.html#table-views\" title=\"Legend for this format\"><img src=\"http://hl7.org/fhir/R4/help16.png\" alt=\"doco\" style=\"background-color: inherit\"/> Documentation for this format</a></td></tr></table></div>"},"extension":[{"url":"http://hl7.org/fhir/StructureDefinition/structuredefinition-category","valueString":"Foundation.Documents"},{"url":"http://hl7.org/fhir/StructureDefinition/structuredefinition-security-category","valueCode":"not-classified"}],"url":"http://esante.gouv.fr/ci-sis/fhir/StructureDefinition/cdl-documentreference","version":"0.0.1","name":"CdLDocumentReference","status":"active","date":"2023-01-12T11:08:34+01:00","publisher":"ANS","contact":[{"name":"ANS","telecom":[{"system":"url","value":"http://esante.gouv.fr"}]}],"description":"Profil permettant de représenter les informations relatives à la note","fhirVersion":"4.0.1","mapping":[{"identity":"workflow","uri":"http://hl7.org/fhir/workflow","name":"Workflow Pattern"},{"identity":"fhircomposition","uri":"http://hl7.org/fhir/composition","name":"FHIR Composition"},{"identity":"rim","uri":"http://hl7.org/v3","name":"RIM Mapping"},{"identity":"cda","uri":"http://hl7.org/v3/cda","name":"CDA (R2)"},{"identity":"w5","uri":"http://hl7.org/fhir/fivews","name":"FiveWs Pattern Mapping"},{"identity":"v2","uri":"http://hl7.org/v2","name":"HL7 v2 Mapping"},{"identity":"xds","uri":"http://ihe.net/xds","name":"XDS metadata equivalent"}],"kind":"resource","abstract":false,"type":"DocumentReference","baseDefinition":"http://hl7.org/fhir/StructureDefinition/DocumentReference","derivation":"constraint","snapshot":{"element":[{"id":"DocumentReference","path":"DocumentReference","short":"A reference to a document","definition":"A reference to a document of any kind for any purpose. Provides metadata about the document so that the document can be discovered and managed. The scope of a document is any seralized object with a mime-type, so includes formal patient centric documents (CDA), cliical notes, scanned paper, and non-patient specific documents like policy text.","comment":"Usually, this is used for documents other than those defined by FHIR.","min":0,"max":"*","base":{"path":"DocumentReference","min":0,"max":"*"},"isModifier":false,"isSummary":false,"mapping":[{"identity":"rim","map":"Entity. Role, or Act"},{"identity":"workflow","map":"Event"},{"identity":"fhircomposition","map":"when describing a Composition"},{"identity":"rim","map":"Document[classCode=\"DOC\" and moodCode=\"EVN\"]"},{"identity":"cda","map":"when describing a CDA"}]},{"id":"DocumentReference.id","path":"DocumentReference.id","short":"Logical id of this artifact","definition":"The logical id of the resource, as used in the URL for the resource. Once assigned, this value never changes.","comment":"The only time that a resource does not have an id is when it is being submitted to the server using a create operation.","min":0,"max":"1","base":{"path":"Resource.id","min":0,"max":"1"},"type":[{"extension":[{"url":"http://hl7.org/fhir/StructureDefinition/structuredefinition-fhir-type","valueUrl":"id"}],"code":"http://hl7.org/fhirpath/System.String"}],"isModifier":false,"isSummary":true},{"id":"DocumentReference.meta","path":"DocumentReference.meta","short":"Metadata about the resource","definition":"The metadata about the resource. This is content that is maintained by the infrastructure. Changes to the content might not always be associated with version changes to the resource.","min":0,"max":"1","base":{"path":"Resource.meta","min":0,"max":"1"},"type":[{"code":"Meta"}],"constraint":[{"key":"ele-1","severity":"error","human":"All FHIR elements must have a @value or children","expression":"hasValue() or (children().count() > id.count())","xpath":"@value|f:*|h:div","source":"http://hl7.org/fhir/StructureDefinition/Element"}],"isModifier":false,"isSummary":true},{"id":"DocumentReference.implicitRules","path":"DocumentReference.implicitRules","short":"A set of rules under which this content was created","definition":"A reference to a set of rules that were followed when the resource was constructed, and which must be understood when processing the content. Often, this is a reference to an implementation guide that defines the special rules along with other profiles etc.","comment":"Asserting this rule set restricts the content to be only understood by a limited set of trading partners. This inherently limits the usefulness of the data in the long term. However, the existing health eco-system is highly fractured, and not yet ready to define, collect, and exchange data in a generally computable sense. Wherever possible, implementers and/or specification writers should avoid using this element. Often, when used, the URL is a reference to an implementation guide that defines these special rules as part of it's narrative along with other profiles, value sets, etc.","min":0,"max":"1","base":{"path":"Resource.implicitRules","min":0,"max":"1"},"type":[{"code":"uri"}],"constraint":[{"key":"ele-1","severity":"error","human":"All FHIR elements must have a @value or children","expression":"hasValue() or (children().count() > id.count())","xpath":"@value|f:*|h:div","source":"http://hl7.org/fhir/StructureDefinition/Element"}],"isModifier":true,"isModifierReason":"This element is labeled as a modifier because the implicit rules may provide additional knowledge about the resource that modifies it's meaning or interpretation","isSummary":true},{"id":"DocumentReference.language","path":"DocumentReference.language","short":"Language of the resource content","definition":"The base language in which the resource is written.","comment":"Language is provided to support indexing and accessibility (typically, services such as text to speech use the language tag). The html language tag in the narrative applies  to the narrative. The language tag on the resource may be used to specify the language of other presentations generated from the data in the resource. Not all the content has to be in the base language. The Resource.language should not be assumed to apply to the narrative automatically. If a language is specified, it should it also be specified on the div element in the html (see rules in HTML5 for information about the relationship between xml:lang and the html lang attribute).","min":0,"max":"1","base":{"path":"Resource.language","min":0,"max":"1"},"type":[{"code":"code"}],"constraint":[{"key":"ele-1","severity":"error","human":"All FHIR elements must have a @value or children","expression":"hasValue() or (children().count() > id.count())","xpath":"@value|f:*|h:div","source":"http://hl7.org/fhir/StructureDefinition/Element"}],"isModifier":false,"isSummary":false,"binding":{"extension":[{"url":"http://hl7.org/fhir/StructureDefinition/elementdefinition-maxValueSet","valueCanonical":"http://hl7.org/fhir/ValueSet/all-languages"},{"url":"http://hl7.org/fhir/StructureDefinition/elementdefinition-bindingName","valueString":"Language"},{"url":"http://hl7.org/fhir/StructureDefinition/elementdefinition-isCommonBinding","valueBoolean":true}],"strength":"preferred","description":"A human language.","valueSet":"http://hl7.org/fhir/ValueSet/languages"}},{"id":"DocumentReference.text","path":"DocumentReference.text","short":"Text summary of the resource, for human interpretation","definition":"A human-readable narrative that contains a summary of the resource and can be used to represent the content of the resource to a human. The narrative need not encode all the structured data, but is required to contain sufficient detail to make it \"clinically safe\" for a human to just read the narrative. Resource definitions may define what content should be represented in the narrative to ensure clinical safety.","comment":"Contained resources do not have narrative. Resources that are not contained SHOULD have a narrative. In some cases, a resource may only have text with little or no additional discrete data (as long as all minOccurs=1 elements are satisfied).  This may be necessary for data from legacy systems where information is captured as a \"text blob\" or where text is additionally entered raw or narrated and encoded information is added later.","alias":["narrative","html","xhtml","display"],"min":0,"max":"1","base":{"path":"DomainResource.text","min":0,"max":"1"},"type":[{"code":"Narrative"}],"constraint":[{"key":"ele-1","severity":"error","human":"All FHIR elements must have a @value or children","expression":"hasValue() or (children().count() > id.count())","xpath":"@value|f:*|h:div","source":"http://hl7.org/fhir/StructureDefinition/Element"}],"isModifier":false,"isSummary":false,"mapping":[{"identity":"rim","map":"Act.text?"}]},{"id":"DocumentReference.contained","path":"DocumentReference.contained","short":"Contained, inline Resources","definition":"These resources do not have an independent existence apart from the resource that contains them - they cannot be identified independently, and nor can they have their own independent transaction scope.","comment":"This should never be done when the content can be identified properly, as once identification is lost, it is extremely difficult (and context dependent) to restore it again. Contained resources may have profiles and tags In their meta elements, but SHALL NOT have security labels.","alias":["inline resources","anonymous resources","contained resources"],"min":0,"max":"*","base":{"path":"DomainResource.contained","min":0,"max":"*"},"type":[{"code":"Resource"}],"isModifier":false,"isSummary":false,"mapping":[{"identity":"rim","map":"N/A"}]},{"id":"DocumentReference.extension","path":"DocumentReference.extension","short":"Additional content defined by implementations","definition":"May be used to represent additional information that is not part of the basic definition of the resource. To make the use of extensions safe and manageable, there is a strict set of governance  applied to the definition and use of extensions. Though any implementer can define an extension, there is a set of requirements that SHALL be met as part of the definition of the extension.","comment":"There can be no stigma associated with the use of extensions by any application, project, or standard - regardless of the institution or jurisdiction that uses or defines the extensions.  The use of extensions is what allows the FHIR specification to retain a core level of simplicity for everyone.","alias":["extensions","user content"],"min":0,"max":"*","base":{"path":"DomainResource.extension","min":0,"max":"*"},"type":[{"code":"Extension"}],"constraint":[{"key":"ele-1","severity":"error","human":"All FHIR elements must have a @value or children","expression":"hasValue() or (children().count() > id.count())","xpath":"@value|f:*|h:div","source":"http://hl7.org/fhir/StructureDefinition/Element"},{"key":"ext-1","severity":"error","human":"Must have either extensions or value[x], not both","expression":"extension.exists() != value.exists()","xpath":"exists(f:extension)!=exists(f:*[starts-with(local-name(.), \"value\")])","source":"http://hl7.org/fhir/StructureDefinition/Extension"}],"isModifier":false,"isSummary":false,"mapping":[{"identity":"rim","map":"N/A"}]},{"id":"DocumentReference.modifierExtension","path":"DocumentReference.modifierExtension","short":"Extensions that cannot be ignored","definition":"May be used to represent additional information that is not part of the basic definition of the resource and that modifies the understanding of the element that contains it and/or the understanding of the containing element's descendants. Usually modifier elements provide negation or qualification. To make the use of extensions safe and manageable, there is a strict set of governance applied to the definition and use of extensions. Though any implementer is allowed to define an extension, there is a set of requirements that SHALL be met as part of the definition of the extension. Applications processing a resource are required to check for modifier extensions.\n\nModifier extensions SHALL NOT change the meaning of any elements on Resource or DomainResource (including cannot change the meaning of modifierExtension itself).","comment":"There can be no stigma associated with the use of extensions by any application, project, or standard - regardless of the institution or jurisdiction that uses or defines the extensions.  The use of extensions is what allows the FHIR specification to retain a core level of simplicity for everyone.","requirements":"Modifier extensions allow for extensions that *cannot* be safely ignored to be clearly distinguished from the vast majority of extensions which can be safely ignored.  This promotes interoperability by eliminating the need for implementers to prohibit the presence of extensions. For further information, see the [definition of modifier extensions](http://hl7.org/fhir/R4/extensibility.html#modifierExtension).","alias":["extensions","user content"],"min":0,"max":"*","base":{"path":"DomainResource.modifierExtension","min":0,"max":"*"},"type":[{"code":"Extension"}],"constraint":[{"key":"ele-1","severity":"error","human":"All FHIR elements must have a @value or children","expression":"hasValue() or (children().count() > id.count())","xpath":"@value|f:*|h:div","source":"http://hl7.org/fhir/StructureDefinition/Element"},{"key":"ext-1","severity":"error","human":"Must have either extensions or value[x], not both","expression":"extension.exists() != value.exists()","xpath":"exists(f:extension)!=exists(f:*[starts-with(local-name(.), \"value\")])","source":"http://hl7.org/fhir/StructureDefinition/Extension"}],"isModifier":true,"isModifierReason":"Modifier extensions are expected to modify the meaning or interpretation of the resource that contains them","isSummary":false,"mapping":[{"identity":"rim","map":"N/A"}]},{"id":"DocumentReference.masterIdentifier","path":"DocumentReference.masterIdentifier","short":"Master Version Specific Identifier","definition":"Document identifier as assigned by the source of the document. This identifier is specific to this version of the document. This unique identifier may be used elsewhere to identify this version of the document.","comment":"CDA Document Id extension and root.","requirements":"The structure and format of this Id shall be consistent with the specification corresponding to the formatCode attribute. (e.g. for a DICOM standard document a 64-character numeric UID, for an HL7 CDA format a serialization of the CDA Document Id extension and root in the form \"oid^extension\", where OID is a 64 digits max, and the Id is a 16 UTF-8 char max. If the OID is coded without the extension then the '^' character shall not be included.).","min":0,"max":"1","base":{"path":"DocumentReference.masterIdentifier","min":0,"max":"1"},"type":[{"code":"Identifier"}],"constraint":[{"key":"ele-1","severity":"error","human":"All FHIR elements must have a @value or children","expression":"hasValue() or (children().count() > id.count())","xpath":"@value|f:*|h:div","source":"http://hl7.org/fhir/StructureDefinition/Element"}],"isModifier":false,"isSummary":true,"mapping":[{"identity":"workflow","map":"Event.identifier"},{"identity":"w5","map":"FiveWs.identifier"},{"identity":"fhircomposition","map":"Composition.identifier"},{"identity":"v2","map":"TXA-12"},{"identity":"rim","map":".id"},{"identity":"xds","map":"DocumentEntry.uniqueId"},{"identity":"cda","map":"ClinicalDocument/id"}]},{"id":"DocumentReference.identifier","path":"DocumentReference.identifier","short":"Other identifiers for the document","definition":"Other identifiers associated with the document, including version independent identifiers.","min":0,"max":"*","base":{"path":"DocumentReference.identifier","min":0,"max":"*"},"type":[{"code":"Identifier"}],"constraint":[{"key":"ele-1","severity":"error","human":"All FHIR elements must have a @value or children","expression":"hasValue() or (children().count() > id.count())","xpath":"@value|f:*|h:div","source":"http://hl7.org/fhir/StructureDefinition/Element"}],"isModifier":false,"isSummary":true,"mapping":[{"identity":"workflow","map":"Event.identifier"},{"identity":"w5","map":"FiveWs.identifier"},{"identity":"v2","map":"TXA-16?"},{"identity":"rim","map":".id / .setId"},{"identity":"xds","map":"DocumentEntry.entryUUID"}]},{"id":"DocumentReference.status","path":"DocumentReference.status","short":"current | superseded | entered-in-error","definition":"The status of this document reference.","comment":"This is the status of the DocumentReference object, which might be independent from the docStatus element.\n\nThis element is labeled as a modifier because the status contains the codes that mark the document or reference as not currently valid.","min":1,"max":"1","base":{"path":"DocumentReference.status","min":1,"max":"1"},"type":[{"code":"code"}],"patternCode":"current","constraint":[{"key":"ele-1","severity":"error","human":"All FHIR elements must have a @value or children","expression":"hasValue() or (children().count() > id.count())","xpath":"@value|f:*|h:div","source":"http://hl7.org/fhir/StructureDefinition/Element"}],"isModifier":true,"isModifierReason":"This element is labelled as a modifier because it is a status element that contains status entered-in-error which means that the resource should not be treated as valid","isSummary":true,"binding":{"extension":[{"url":"http://hl7.org/fhir/StructureDefinition/elementdefinition-bindingName","valueString":"DocumentReferenceStatus"},{"url":"http://hl7.org/fhir/StructureDefinition/elementdefinition-isCommonBinding","valueBoolean":true}],"strength":"required","description":"The status of the document reference.","valueSet":"http://hl7.org/fhir/ValueSet/document-reference-status|4.0.1"},"mapping":[{"identity":"workflow","map":"Event.status"},{"identity":"w5","map":"FiveWs.status"},{"identity":"v2","map":"TXA-19"},{"identity":"rim","map":"interim: .completionCode=\"IN\" & ./statusCode[isNormalDatatype()]=\"active\";  final: .completionCode=\"AU\" &&  ./statusCode[isNormalDatatype()]=\"complete\" and not(./inboundRelationship[typeCode=\"SUBJ\" and isNormalActRelationship()]/source[subsumesCode(\"ActClass#CACT\") and moodCode=\"EVN\" and domainMember(\"ReviseDocument\", code) and isNormalAct()]);  amended: .completionCode=\"AU\" &&  ./statusCode[isNormalDatatype()]=\"complete\" and ./inboundRelationship[typeCode=\"SUBJ\" and isNormalActRelationship()]/source[subsumesCode(\"ActClass#CACT\") and moodCode=\"EVN\" and domainMember(\"ReviseDocument\", code) and isNormalAct() and statusCode=\"completed\"];  withdrawn : .completionCode=NI &&  ./statusCode[isNormalDatatype()]=\"obsolete\""},{"identity":"xds","map":"DocumentEntry.availabilityStatus"}]},{"id":"DocumentReference.docStatus","path":"DocumentReference.docStatus","short":"preliminary | final | amended | entered-in-error","definition":"The status of the underlying document.","comment":"The document that is pointed to might be in various lifecycle states.","min":0,"max":"0","base":{"path":"DocumentReference.docStatus","min":0,"max":"1"},"type":[{"code":"code"}],"constraint":[{"key":"ele-1","severity":"error","human":"All FHIR elements must have a @value or children","expression":"hasValue() or (children().count() > id.count())","xpath":"@value|f:*|h:div","source":"http://hl7.org/fhir/StructureDefinition/Element"}],"isModifier":false,"isSummary":true,"binding":{"extension":[{"url":"http://hl7.org/fhir/StructureDefinition/elementdefinition-bindingName","valueString":"ReferredDocumentStatus"}],"strength":"required","description":"Status of the underlying document.","valueSet":"http://hl7.org/fhir/ValueSet/composition-status|4.0.1"},"mapping":[{"identity":"w5","map":"FiveWs.status"},{"identity":"fhircomposition","map":"Composition.status"},{"identity":"v2","map":"TXA-17"},{"identity":"rim","map":".statusCode"}]},{"id":"DocumentReference.type","path":"DocumentReference.type","short":"Kind of document (LOINC if possible)","definition":"Specifies the particular kind of document referenced  (e.g. History and Physical, Discharge Summary, Progress Note). This usually equates to the purpose of making the document referenced.","comment":"Key metadata element describing the document that describes he exact type of document. Helps humans to assess whether the document is of interest when viewing a list of documents.","min":1,"max":"1","base":{"path":"DocumentReference.type","min":0,"max":"1"},"type":[{"code":"CodeableConcept"}],"constraint":[{"key":"ele-1","severity":"error","human":"All FHIR elements must have a @value or children","expression":"hasValue() or (children().count() > id.count())","xpath":"@value|f:*|h:div","source":"http://hl7.org/fhir/StructureDefinition/Element"}],"isModifier":false,"isSummary":true,"binding":{"strength":"required","valueSet":"https://mos.esante.gouv.fr/NOS/JDV_J23-TypeNoteCahierLiaison-CISIS/FHIR/JDV-J23-TypeNoteCahierLiaison-CISIS"},"mapping":[{"identity":"workflow","map":"Event.code"},{"identity":"w5","map":"FiveWs.class"},{"identity":"fhircomposition","map":"Composition.type"},{"identity":"v2","map":"TXA-2"},{"identity":"rim","map":"./code"},{"identity":"xds","map":"DocumentEntry.type"},{"identity":"cda","map":"ClinicalDocument/code/@code \n\nThe typeCode should be mapped from the ClinicalDocument/code element to a set of document type codes configured in the affinity domain. One suggested coding system to use for typeCode is LOINC, in which case the mapping step can be omitted."}]},{"id":"DocumentReference.category","path":"DocumentReference.category","short":"Categorization of document","definition":"A categorization for the type of document referenced - helps for indexing and searching. This may be implied by or derived from the code specified in the DocumentReference.type.","comment":"Key metadata element describing the the category or classification of the document. This is a broader perspective that groups similar documents based on how they would be used. This is a primary key used in searching.","alias":["claxs"],"min":0,"max":"*","base":{"path":"DocumentReference.category","min":0,"max":"*"},"type":[{"code":"CodeableConcept"}],"constraint":[{"key":"ele-1","severity":"error","human":"All FHIR elements must have a @value or children","expression":"hasValue() or (children().count() > id.count())","xpath":"@value|f:*|h:div","source":"http://hl7.org/fhir/StructureDefinition/Element"}],"isModifier":false,"isSummary":true,"binding":{"extension":[{"url":"http://hl7.org/fhir/StructureDefinition/elementdefinition-bindingName","valueString":"DocumentC80Class"}],"strength":"example","description":"High-level kind of a clinical document at a macro level.","valueSet":"http://hl7.org/fhir/ValueSet/document-classcodes"},"mapping":[{"identity":"w5","map":"FiveWs.class"},{"identity":"fhircomposition","map":"Composition.class"},{"identity":"rim","map":".outboundRelationship[typeCode=\"COMP].target[classCode=\"LIST\", moodCode=\"EVN\"].code"},{"identity":"xds","map":"DocumentEntry.class"},{"identity":"cda","map":"Derived from a mapping of /ClinicalDocument/code/@code to an Affinity Domain specified coded value to use and coding system. Affinity Domains are encouraged to use the appropriate value for Type of Service, based on the LOINC Type of Service (see Page 53 of the LOINC User's Manual). Must be consistent with /ClinicalDocument/code/@code"}]},{"id":"DocumentReference.subject","path":"DocumentReference.subject","short":"Who/what is the subject of the document","definition":"Who or what the document is about. The document can be about a person, (patient or healthcare practitioner), a device (e.g. a machine) or even a group of subjects (such as a document about a herd of farm animals, or a set of patients that share a common exposure).","min":1,"max":"1","base":{"path":"DocumentReference.subject","min":0,"max":"1"},"type":[{"code":"Reference","targetProfile":["http://interopsante.org/fhir/StructureDefinition/FrPatient"]}],"constraint":[{"key":"ele-1","severity":"error","human":"All FHIR elements must have a @value or children","expression":"hasValue() or (children().count() > id.count())","xpath":"@value|f:*|h:div","source":"http://hl7.org/fhir/StructureDefinition/Element"}],"isModifier":false,"isSummary":true,"mapping":[{"identity":"workflow","map":"Event.subject"},{"identity":"w5","map":"FiveWs.subject[x]"},{"identity":"fhircomposition","map":"Composition.subject"},{"identity":"v2","map":"PID-3 (No standard way to define a Practitioner or Group subject in HL7 v2 MDM message)"},{"identity":"rim","map":".participation[typeCode=\"SBJ\"].role[typeCode=\"PAT\"]"},{"identity":"xds","map":"DocumentEntry.patientId"},{"identity":"cda","map":"ClinicalDocument/recordTarget/"},{"identity":"w5","map":"FiveWs.subject"}]},{"id":"DocumentReference.date","path":"DocumentReference.date","short":"When this document reference was created","definition":"When the document reference was created.","comment":"Referencing/indexing time is used for tracking, organizing versions and searching.","alias":["indexed"],"min":0,"max":"1","base":{"path":"DocumentReference.date","min":0,"max":"1"},"type":[{"code":"instant"}],"constraint":[{"key":"ele-1","severity":"error","human":"All FHIR elements must have a @value or children","expression":"hasValue() or (children().count() > id.count())","xpath":"@value|f:*|h:div","source":"http://hl7.org/fhir/StructureDefinition/Element"}],"isModifier":false,"isSummary":true,"mapping":[{"identity":"workflow","map":"Event.occurrence[x]"},{"identity":"w5","map":"FiveWs.recorded"},{"identity":"fhircomposition","map":"Composition.date"},{"identity":"rim","map":".availabilityTime[type=\"TS\"]"}]},{"id":"DocumentReference.author","path":"DocumentReference.author","short":"Who and/or what authored the document","definition":"Identifies who is responsible for adding the information to the document.","comment":"Not necessarily who did the actual data entry (i.e. typist) or who was the source (informant).","min":1,"max":"*","base":{"path":"DocumentReference.author","min":0,"max":"*"},"type":[{"code":"Reference","targetProfile":["http://interopsante.org/fhir/StructureDefinition/FrPractitioner","https://apifhir.annuaire.sante.fr/ws-sync/exposed/structuredefinition/practitionerRole-organizationalRole-rass","https://apifhir.annuaire.sante.fr/ws-sync/exposed/structuredefinition/practitionerRole-professionalRole-rass","http://interopsante.org/fhir/StructureDefinition/FrOrganization","http://hl7.org/fhir/StructureDefinition/Device","http://interopsante.org/fhir/StructureDefinition/FrPatient","http://interopsante.org/fhir/StructureDefinition/FrRelatedPerson"]}],"constraint":[{"key":"ele-1","severity":"error","human":"All FHIR elements must have a @value or children","expression":"hasValue() or (children().count() > id.count())","xpath":"@value|f:*|h:div","source":"http://hl7.org/fhir/StructureDefinition/Element"}],"isModifier":false,"isSummary":true,"mapping":[{"identity":"workflow","map":"Event.performer.actor"},{"identity":"fhircomposition","map":"Composition.author"},{"identity":"v2","map":"TXA-9 (No standard way to indicate a Device in HL7 v2 MDM message)"},{"identity":"rim","map":".participation[typeCode=\"AUT\"].role[classCode=\"ASSIGNED\"]"},{"identity":"xds","map":"DocumentEntry.author"},{"identity":"cda","map":"ClinicalDocument/author"}]},{"id":"DocumentReference.authenticator","path":"DocumentReference.authenticator","short":"Who/what authenticated the document","definition":"Which person or organization authenticates that this document is valid.","comment":"Represents a participant within the author institution who has legally authenticated or attested the document. Legal authentication implies that a document has been signed manually or electronically by the legal Authenticator.","min":0,"max":"1","base":{"path":"DocumentReference.authenticator","min":0,"max":"1"},"type":[{"code":"Reference","targetProfile":["http://hl7.org/fhir/StructureDefinition/Practitioner","http://hl7.org/fhir/StructureDefinition/PractitionerRole","http://hl7.org/fhir/StructureDefinition/Organization"]}],"constraint":[{"key":"ele-1","severity":"error","human":"All FHIR elements must have a @value or children","expression":"hasValue() or (children().count() > id.count())","xpath":"@value|f:*|h:div","source":"http://hl7.org/fhir/StructureDefinition/Element"}],"isModifier":false,"isSummary":false,"mapping":[{"identity":"workflow","map":"Event.performer.actor"},{"identity":"w5","map":"FiveWs.witness"},{"identity":"fhircomposition","map":"Composition.attester"},{"identity":"v2","map":"TXA-10"},{"identity":"rim","map":".participation[typeCode=\"AUTHEN\"].role[classCode=\"ASSIGNED\"]"},{"identity":"xds","map":"DocumentEntry.legalAuthenticator"},{"identity":"cda","map":"ClinicalDocument/legalAuthenticator"}]},{"id":"DocumentReference.custodian","path":"DocumentReference.custodian","short":"Organization which maintains the document","definition":"Identifies the organization or group who is responsible for ongoing maintenance of and access to the document.","comment":"Identifies the logical organization (software system, vendor, or department) to go to find the current version, where to report issues, etc. This is different from the physical location (URL, disk drive, or server) of the document, which is the technical location of the document, which host may be delegated to the management of some other organization.","min":0,"max":"1","base":{"path":"DocumentReference.custodian","min":0,"max":"1"},"type":[{"code":"Reference","targetProfile":["http://hl7.org/fhir/StructureDefinition/Organization"]}],"constraint":[{"key":"ele-1","severity":"error","human":"All FHIR elements must have a @value or children","expression":"hasValue() or (children().count() > id.count())","xpath":"@value|f:*|h:div","source":"http://hl7.org/fhir/StructureDefinition/Element"}],"isModifier":false,"isSummary":false,"mapping":[{"identity":"workflow","map":"Event.performer.actor"},{"identity":"fhircomposition","map":"Composition.custodian"},{"identity":"rim","map":".participation[typeCode=\"RCV\"].role[classCode=\"CUST\"].scoper[classCode=\"ORG\" and determinerCode=\"INST\"]"}]},{"id":"DocumentReference.relatesTo","path":"DocumentReference.relatesTo","short":"Relationships to other documents","definition":"Relationships that this document has with other document references that already exist.","comment":"This element is labeled as a modifier because documents that append to other documents are incomplete on their own.","min":0,"max":"*","base":{"path":"DocumentReference.relatesTo","min":0,"max":"*"},"type":[{"code":"BackboneElement"}],"constraint":[{"key":"ele-1","severity":"error","human":"All FHIR elements must have a @value or children","expression":"hasValue() or (children().count() > id.count())","xpath":"@value|f:*|h:div","source":"http://hl7.org/fhir/StructureDefinition/Element"}],"isModifier":false,"isSummary":true,"mapping":[{"identity":"fhircomposition","map":"Composition.relatesTo"},{"identity":"rim","map":".outboundRelationship"},{"identity":"xds","map":"DocumentEntry Associations"}]},{"id":"DocumentReference.relatesTo.id","path":"DocumentReference.relatesTo.id","representation":["xmlAttr"],"short":"Unique id for inter-element referencing","definition":"Unique id for the element within a resource (for internal references). This may be any string value that does not contain spaces.","min":0,"max":"1","base":{"path":"Element.id","min":0,"max":"1"},"type":[{"extension":[{"url":"http://hl7.org/fhir/StructureDefinition/structuredefinition-fhir-type","valueUrl":"string"}],"code":"http://hl7.org/fhirpath/System.String"}],"isModifier":false,"isSummary":false,"mapping":[{"identity":"rim","map":"n/a"}]},{"id":"DocumentReference.relatesTo.extension","path":"DocumentReference.relatesTo.extension","short":"Additional content defined by implementations","definition":"May be used to represent additional information that is not part of the basic definition of the element. To make the use of extensions safe and manageable, there is a strict set of governance  applied to the definition and use of extensions. Though any implementer can define an extension, there is a set of requirements that SHALL be met as part of the definition of the extension.","comment":"There can be no stigma associated with the use of extensions by any application, project, or standard - regardless of the institution or jurisdiction that uses or defines the extensions.  The use of extensions is what allows the FHIR specification to retain a core level of simplicity for everyone.","alias":["extensions","user content"],"min":0,"max":"*","base":{"path":"Element.extension","min":0,"max":"*"},"type":[{"code":"Extension"}],"constraint":[{"key":"ele-1","severity":"error","human":"All FHIR elements must have a @value or children","expression":"hasValue() or (children().count() > id.count())","xpath":"@value|f:*|h:div","source":"http://hl7.org/fhir/StructureDefinition/Element"},{"key":"ext-1","severity":"error","human":"Must have either extensions or value[x], not both","expression":"extension.exists() != value.exists()","xpath":"exists(f:extension)!=exists(f:*[starts-with(local-name(.), \"value\")])","source":"http://hl7.org/fhir/StructureDefinition/Extension"}],"isModifier":false,"isSummary":false,"mapping":[{"identity":"rim","map":"n/a"}]},{"id":"DocumentReference.relatesTo.modifierExtension","path":"DocumentReference.relatesTo.modifierExtension","short":"Extensions that cannot be ignored even if unrecognized","definition":"May be used to represent additional information that is not part of the basic definition of the element and that modifies the understanding of the element in which it is contained and/or the understanding of the containing element's descendants. Usually modifier elements provide negation or qualification. To make the use of extensions safe and manageable, there is a strict set of governance applied to the definition and use of extensions. Though any implementer can define an extension, there is a set of requirements that SHALL be met as part of the definition of the extension. Applications processing a resource are required to check for modifier extensions.\n\nModifier extensions SHALL NOT change the meaning of any elements on Resource or DomainResource (including cannot change the meaning of modifierExtension itself).","comment":"There can be no stigma associated with the use of extensions by any application, project, or standard - regardless of the institution or jurisdiction that uses or defines the extensions.  The use of extensions is what allows the FHIR specification to retain a core level of simplicity for everyone.","requirements":"Modifier extensions allow for extensions that *cannot* be safely ignored to be clearly distinguished from the vast majority of extensions which can be safely ignored.  This promotes interoperability by eliminating the need for implementers to prohibit the presence of extensions. For further information, see the [definition of modifier extensions](http://hl7.org/fhir/R4/extensibility.html#modifierExtension).","alias":["extensions","user content","modifiers"],"min":0,"max":"*","base":{"path":"BackboneElement.modifierExtension","min":0,"max":"*"},"type":[{"code":"Extension"}],"constraint":[{"key":"ele-1","severity":"error","human":"All FHIR elements must have a @value or children","expression":"hasValue() or (children().count() > id.count())","xpath":"@value|f:*|h:div","source":"http://hl7.org/fhir/StructureDefinition/Element"},{"key":"ext-1","severity":"error","human":"Must have either extensions or value[x], not both","expression":"extension.exists() != value.exists()","xpath":"exists(f:extension)!=exists(f:*[starts-with(local-name(.), \"value\")])","source":"http://hl7.org/fhir/StructureDefinition/Extension"}],"isModifier":true,"isModifierReason":"Modifier extensions are expected to modify the meaning or interpretation of the element that contains them","isSummary":true,"mapping":[{"identity":"rim","map":"N/A"}]},{"id":"DocumentReference.relatesTo.code","path":"DocumentReference.relatesTo.code","short":"replaces | transforms | signs | appends","definition":"The type of relationship that this document has with anther document.","comment":"If this document appends another document, then the document cannot be fully understood without also accessing the referenced document.","min":1,"max":"1","base":{"path":"DocumentReference.relatesTo.code","min":1,"max":"1"},"type":[{"code":"code"}],"constraint":[{"key":"ele-1","severity":"error","human":"All FHIR elements must have a @value or children","expression":"hasValue() or (children().count() > id.count())","xpath":"@value|f:*|h:div","source":"http://hl7.org/fhir/StructureDefinition/Element"}],"isModifier":false,"isSummary":true,"binding":{"extension":[{"url":"http://hl7.org/fhir/StructureDefinition/elementdefinition-bindingName","valueString":"DocumentRelationshipType"}],"strength":"required","description":"The type of relationship between documents.","valueSet":"http://hl7.org/fhir/ValueSet/document-relationship-type|4.0.1"},"mapping":[{"identity":"fhircomposition","map":"Composition.relatesTo.code"},{"identity":"rim","map":".outboundRelationship.typeCode"},{"identity":"xds","map":"DocumentEntry Associations type"}]},{"id":"DocumentReference.relatesTo.target","path":"DocumentReference.relatesTo.target","short":"Target of the relationship","definition":"The target document of this relationship.","min":1,"max":"1","base":{"path":"DocumentReference.relatesTo.target","min":1,"max":"1"},"type":[{"code":"Reference","targetProfile":["http://hl7.org/fhir/StructureDefinition/DocumentReference"]}],"constraint":[{"key":"ele-1","severity":"error","human":"All FHIR elements must have a @value or children","expression":"hasValue() or (children().count() > id.count())","xpath":"@value|f:*|h:div","source":"http://hl7.org/fhir/StructureDefinition/Element"}],"isModifier":false,"isSummary":true,"mapping":[{"identity":"fhircomposition","map":"Composition.relatesTo.target"},{"identity":"rim","map":".target[classCode=\"DOC\", moodCode=\"EVN\"].id"},{"identity":"xds","map":"DocumentEntry Associations reference"}]},{"id":"DocumentReference.description","path":"DocumentReference.description","short":"Human-readable description","definition":"Human-readable description of the source document.","comment":"What the document is about,  a terse summary of the document.","requirements":"Helps humans to assess whether the document is of interest.","min":0,"max":"1","base":{"path":"DocumentReference.description","min":0,"max":"1"},"type":[{"code":"string"}],"constraint":[{"key":"ele-1","severity":"error","human":"All FHIR elements must have a @value or children","expression":"hasValue() or (children().count() > id.count())","xpath":"@value|f:*|h:div","source":"http://hl7.org/fhir/StructureDefinition/Element"}],"isModifier":false,"isSummary":true,"mapping":[{"identity":"v2","map":"TXA-25"},{"identity":"rim","map":".outboundRelationship[typeCode=\"SUBJ\"].target.text"},{"identity":"xds","map":"DocumentEntry.comments"}]},{"id":"DocumentReference.securityLabel","path":"DocumentReference.securityLabel","short":"Document security-tags","definition":"A set of Security-Tag codes specifying the level of privacy/security of the Document. Note that DocumentReference.meta.security contains the security labels of the \"reference\" to the document, while DocumentReference.securityLabel contains a snapshot of the security labels on the document the reference refers to.","comment":"The confidentiality codes can carry multiple vocabulary items. HL7 has developed an understanding of security and privacy tags that might be desirable in a Document Sharing environment, called HL7 Healthcare Privacy and Security Classification System (HCS). The following specification is recommended but not mandated, as the vocabulary bindings are an administrative domain responsibility. The use of this method is up to the policy domain such as the XDS Affinity Domain or other Trust Domain where all parties including sender and recipients are trusted to appropriately tag and enforce.   \n\nIn the HL7 Healthcare Privacy and Security Classification (HCS) there are code systems specific to Confidentiality, Sensitivity, Integrity, and Handling Caveats. Some values would come from a local vocabulary as they are related to workflow roles and special projects.","requirements":"Use of the Health Care Privacy/Security Classification (HCS) system of security-tag use is recommended.","min":0,"max":"1","base":{"path":"DocumentReference.securityLabel","min":0,"max":"*"},"type":[{"code":"CodeableConcept"}],"constraint":[{"key":"ele-1","severity":"error","human":"All FHIR elements must have a @value or children","expression":"hasValue() or (children().count() > id.count())","xpath":"@value|f:*|h:div","source":"http://hl7.org/fhir/StructureDefinition/Element"}],"isModifier":false,"isSummary":true,"binding":{"strength":"required","valueSet":"https://mos.esante.gouv.fr/NOS/JDV_J110-StatutVisibiliteDocument-CISIS/FHIR/JDV-J110-StatutVisibiliteDocument-CISIS"},"mapping":[{"identity":"fhircomposition","map":"Composition.confidentiality, Composition.meta.security"},{"identity":"v2","map":"TXA-18"},{"identity":"rim","map":".confidentialityCode"},{"identity":"xds","map":"DocumentEntry.confidentialityCode"},{"identity":"cda","map":"ClinicalDocument/confidentialityCode/@code"}]},{"id":"DocumentReference.content","path":"DocumentReference.content","short":"Document referenced","definition":"The document and format referenced. There may be multiple content element repetitions, each with a different format.","min":1,"max":"*","base":{"path":"DocumentReference.content","min":1,"max":"*"},"type":[{"code":"BackboneElement"}],"constraint":[{"key":"ele-1","severity":"error","human":"All FHIR elements must have a @value or children","expression":"hasValue() or (children().count() > id.count())","xpath":"@value|f:*|h:div","source":"http://hl7.org/fhir/StructureDefinition/Element"}],"isModifier":false,"isSummary":true,"mapping":[{"identity":"fhircomposition","map":"Bundle(Composition+*)"},{"identity":"rim","map":"document.text"}]},{"id":"DocumentReference.content.id","path":"DocumentReference.content.id","representation":["xmlAttr"],"short":"Unique id for inter-element referencing","definition":"Unique id for the element within a resource (for internal references). This may be any string value that does not contain spaces.","min":0,"max":"1","base":{"path":"Element.id","min":0,"max":"1"},"type":[{"extension":[{"url":"http://hl7.org/fhir/StructureDefinition/structuredefinition-fhir-type","valueUrl":"string"}],"code":"http://hl7.org/fhirpath/System.String"}],"isModifier":false,"isSummary":false,"mapping":[{"identity":"rim","map":"n/a"}]},{"id":"DocumentReference.content.extension","path":"DocumentReference.content.extension","short":"Additional content defined by implementations","definition":"May be used to represent additional information that is not part of the basic definition of the element. To make the use of extensions safe and manageable, there is a strict set of governance  applied to the definition and use of extensions. Though any implementer can define an extension, there is a set of requirements that SHALL be met as part of the definition of the extension.","comment":"There can be no stigma associated with the use of extensions by any application, project, or standard - regardless of the institution or jurisdiction that uses or defines the extensions.  The use of extensions is what allows the FHIR specification to retain a core level of simplicity for everyone.","alias":["extensions","user content"],"min":0,"max":"*","base":{"path":"Element.extension","min":0,"max":"*"},"type":[{"code":"Extension"}],"constraint":[{"key":"ele-1","severity":"error","human":"All FHIR elements must have a @value or children","expression":"hasValue() or (children().count() > id.count())","xpath":"@value|f:*|h:div","source":"http://hl7.org/fhir/StructureDefinition/Element"},{"key":"ext-1","severity":"error","human":"Must have either extensions or value[x], not both","expression":"extension.exists() != value.exists()","xpath":"exists(f:extension)!=exists(f:*[starts-with(local-name(.), \"value\")])","source":"http://hl7.org/fhir/StructureDefinition/Extension"}],"isModifier":false,"isSummary":false,"mapping":[{"identity":"rim","map":"n/a"}]},{"id":"DocumentReference.content.modifierExtension","path":"DocumentReference.content.modifierExtension","short":"Extensions that cannot be ignored even if unrecognized","definition":"May be used to represent additional information that is not part of the basic definition of the element and that modifies the understanding of the element in which it is contained and/or the understanding of the containing element's descendants. Usually modifier elements provide negation or qualification. To make the use of extensions safe and manageable, there is a strict set of governance applied to the definition and use of extensions. Though any implementer can define an extension, there is a set of requirements that SHALL be met as part of the definition of the extension. Applications processing a resource are required to check for modifier extensions.\n\nModifier extensions SHALL NOT change the meaning of any elements on Resource or DomainResource (including cannot change the meaning of modifierExtension itself).","comment":"There can be no stigma associated with the use of extensions by any application, project, or standard - regardless of the institution or jurisdiction that uses or defines the extensions.  The use of extensions is what allows the FHIR specification to retain a core level of simplicity for everyone.","requirements":"Modifier extensions allow for extensions that *cannot* be safely ignored to be clearly distinguished from the vast majority of extensions which can be safely ignored.  This promotes interoperability by eliminating the need for implementers to prohibit the presence of extensions. For further information, see the [definition of modifier extensions](http://hl7.org/fhir/R4/extensibility.html#modifierExtension).","alias":["extensions","user content","modifiers"],"min":0,"max":"*","base":{"path":"BackboneElement.modifierExtension","min":0,"max":"*"},"type":[{"code":"Extension"}],"constraint":[{"key":"ele-1","severity":"error","human":"All FHIR elements must have a @value or children","expression":"hasValue() or (children().count() > id.count())","xpath":"@value|f:*|h:div","source":"http://hl7.org/fhir/StructureDefinition/Element"},{"key":"ext-1","severity":"error","human":"Must have either extensions or value[x], not both","expression":"extension.exists() != value.exists()","xpath":"exists(f:extension)!=exists(f:*[starts-with(local-name(.), \"value\")])","source":"http://hl7.org/fhir/StructureDefinition/Extension"}],"isModifier":true,"isModifierReason":"Modifier extensions are expected to modify the meaning or interpretation of the element that contains them","isSummary":true,"mapping":[{"identity":"rim","map":"N/A"}]},{"id":"DocumentReference.content.attachment","path":"DocumentReference.content.attachment","short":"Where to access the document","definition":"The document or URL of the document along with critical metadata to prove content has integrity.","min":1,"max":"1","base":{"path":"DocumentReference.content.attachment","min":1,"max":"1"},"type":[{"code":"Attachment"}],"constraint":[{"key":"ele-1","severity":"error","human":"All FHIR elements must have a @value or children","expression":"hasValue() or (children().count() > id.count())","xpath":"@value|f:*|h:div","source":"http://hl7.org/fhir/StructureDefinition/Element"}],"isModifier":false,"isSummary":true,"mapping":[{"identity":"fhircomposition","map":"Composition.language, \nComposition.title, \nComposition.date"},{"identity":"v2","map":"TXA-3 for mime type"},{"identity":"rim","map":"document.text"},{"identity":"xds","map":"DocumentEntry.mimeType, DocumentEntry.languageCode, DocumentEntry.URI, DocumentEntry.size, DocumentEntry.hash, DocumentEntry.title, DocumentEntry.creationTime"},{"identity":"cda","map":"ClinicalDocument/languageCode, ClinicalDocument/title, ClinicalDocument/date"}]},{"id":"DocumentReference.content.format","path":"DocumentReference.content.format","short":"Format/content rules for the document","definition":"An identifier of the document encoding, structure, and template that the document conforms to beyond the base format indicated in the mimeType.","comment":"Note that while IHE mostly issues URNs for format types, not all documents can be identified by a URI.","min":0,"max":"0","base":{"path":"DocumentReference.content.format","min":0,"max":"1"},"type":[{"code":"Coding"}],"constraint":[{"key":"ele-1","severity":"error","human":"All FHIR elements must have a @value or children","expression":"hasValue() or (children().count() > id.count())","xpath":"@value|f:*|h:div","source":"http://hl7.org/fhir/StructureDefinition/Element"}],"isModifier":false,"isSummary":true,"binding":{"extension":[{"url":"http://hl7.org/fhir/StructureDefinition/elementdefinition-bindingName","valueString":"DocumentFormat"}],"strength":"preferred","description":"Document Format Codes.","valueSet":"http://hl7.org/fhir/ValueSet/formatcodes"},"mapping":[{"identity":"fhircomposition","map":"Composition.meta.profile"},{"identity":"rim","map":"document.text"},{"identity":"xds","map":"DocumentEntry.formatCode"},{"identity":"cda","map":"derived from the IHE Profile or Implementation Guide templateID"}]},{"id":"DocumentReference.context","path":"DocumentReference.context","short":"Clinical context of document","definition":"The clinical context in which the document was prepared.","comment":"These values are primarily added to help with searching for interesting/relevant documents.","min":0,"max":"1","base":{"path":"DocumentReference.context","min":0,"max":"1"},"type":[{"code":"BackboneElement"}],"constraint":[{"key":"ele-1","severity":"error","human":"All FHIR elements must have a @value or children","expression":"hasValue() or (children().count() > id.count())","xpath":"@value|f:*|h:div","source":"http://hl7.org/fhir/StructureDefinition/Element"}],"isModifier":false,"isSummary":true,"mapping":[{"identity":"rim","map":"outboundRelationship[typeCode=\"SUBJ\"].target[classCode<'ACT']"}]},{"id":"DocumentReference.context.id","path":"DocumentReference.context.id","representation":["xmlAttr"],"short":"Unique id for inter-element referencing","definition":"Unique id for the element within a resource (for internal references). This may be any string value that does not contain spaces.","min":0,"max":"1","base":{"path":"Element.id","min":0,"max":"1"},"type":[{"extension":[{"url":"http://hl7.org/fhir/StructureDefinition/structuredefinition-fhir-type","valueUrl":"string"}],"code":"http://hl7.org/fhirpath/System.String"}],"isModifier":false,"isSummary":false,"mapping":[{"identity":"rim","map":"n/a"}]},{"id":"DocumentReference.context.extension","path":"DocumentReference.context.extension","short":"Additional content defined by implementations","definition":"May be used to represent additional information that is not part of the basic definition of the element. To make the use of extensions safe and manageable, there is a strict set of governance  applied to the definition and use of extensions. Though any implementer can define an extension, there is a set of requirements that SHALL be met as part of the definition of the extension.","comment":"There can be no stigma associated with the use of extensions by any application, project, or standard - regardless of the institution or jurisdiction that uses or defines the extensions.  The use of extensions is what allows the FHIR specification to retain a core level of simplicity for everyone.","alias":["extensions","user content"],"min":0,"max":"*","base":{"path":"Element.extension","min":0,"max":"*"},"type":[{"code":"Extension"}],"constraint":[{"key":"ele-1","severity":"error","human":"All FHIR elements must have a @value or children","expression":"hasValue() or (children().count() > id.count())","xpath":"@value|f:*|h:div","source":"http://hl7.org/fhir/StructureDefinition/Element"},{"key":"ext-1","severity":"error","human":"Must have either extensions or value[x], not both","expression":"extension.exists() != value.exists()","xpath":"exists(f:extension)!=exists(f:*[starts-with(local-name(.), \"value\")])","source":"http://hl7.org/fhir/StructureDefinition/Extension"}],"isModifier":false,"isSummary":false,"mapping":[{"identity":"rim","map":"n/a"}]},{"id":"DocumentReference.context.modifierExtension","path":"DocumentReference.context.modifierExtension","short":"Extensions that cannot be ignored even if unrecognized","definition":"May be used to represent additional information that is not part of the basic definition of the element and that modifies the understanding of the element in which it is contained and/or the understanding of the containing element's descendants. Usually modifier elements provide negation or qualification. To make the use of extensions safe and manageable, there is a strict set of governance applied to the definition and use of extensions. Though any implementer can define an extension, there is a set of requirements that SHALL be met as part of the definition of the extension. Applications processing a resource are required to check for modifier extensions.\n\nModifier extensions SHALL NOT change the meaning of any elements on Resource or DomainResource (including cannot change the meaning of modifierExtension itself).","comment":"There can be no stigma associated with the use of extensions by any application, project, or standard - regardless of the institution or jurisdiction that uses or defines the extensions.  The use of extensions is what allows the FHIR specification to retain a core level of simplicity for everyone.","requirements":"Modifier extensions allow for extensions that *cannot* be safely ignored to be clearly distinguished from the vast majority of extensions which can be safely ignored.  This promotes interoperability by eliminating the need for implementers to prohibit the presence of extensions. For further information, see the [definition of modifier extensions](http://hl7.org/fhir/R4/extensibility.html#modifierExtension).","alias":["extensions","user content","modifiers"],"min":0,"max":"*","base":{"path":"BackboneElement.modifierExtension","min":0,"max":"*"},"type":[{"code":"Extension"}],"constraint":[{"key":"ele-1","severity":"error","human":"All FHIR elements must have a @value or children","expression":"hasValue() or (children().count() > id.count())","xpath":"@value|f:*|h:div","source":"http://hl7.org/fhir/StructureDefinition/Element"},{"key":"ext-1","severity":"error","human":"Must have either extensions or value[x], not both","expression":"extension.exists() != value.exists()","xpath":"exists(f:extension)!=exists(f:*[starts-with(local-name(.), \"value\")])","source":"http://hl7.org/fhir/StructureDefinition/Extension"}],"isModifier":true,"isModifierReason":"Modifier extensions are expected to modify the meaning or interpretation of the element that contains them","isSummary":true,"mapping":[{"identity":"rim","map":"N/A"}]},{"id":"DocumentReference.context.encounter","path":"DocumentReference.context.encounter","short":"Context of the document  content","definition":"Describes the clinical encounter or type of care that the document content is associated with.","min":0,"max":"*","base":{"path":"DocumentReference.context.encounter","min":0,"max":"*"},"type":[{"code":"Reference","targetProfile":["http://hl7.org/fhir/StructureDefinition/Encounter","http://hl7.org/fhir/StructureDefinition/EpisodeOfCare"]}],"constraint":[{"key":"ele-1","severity":"error","human":"All FHIR elements must have a @value or children","expression":"hasValue() or (children().count() > id.count())","xpath":"@value|f:*|h:div","source":"http://hl7.org/fhir/StructureDefinition/Element"}],"isModifier":false,"isSummary":false,"mapping":[{"identity":"workflow","map":"Event.context"},{"identity":"w5","map":"FiveWs.context"},{"identity":"fhircomposition","map":"Composition.encounter"},{"identity":"rim","map":"unique(highest(./outboundRelationship[typeCode=\"SUBJ\" and isNormalActRelationship()], priorityNumber)/target[moodCode=\"EVN\" and classCode=(\"ENC\", \"PCPR\") and isNormalAct])"}]},{"id":"DocumentReference.context.event","path":"DocumentReference.context.event","short":"Main clinical acts documented","definition":"This list of codes represents the main clinical acts, such as a colonoscopy or an appendectomy, being documented. In some cases, the event is inherent in the type Code, such as a \"History and Physical Report\" in which the procedure being documented is necessarily a \"History and Physical\" act.","comment":"An event can further specialize the act inherent in the type, such as  where it is simply \"Procedure Report\" and the procedure was a \"colonoscopy\". If one or more event codes are included, they shall not conflict with the values inherent in the class or type elements as such a conflict would create an ambiguous situation.","min":0,"max":"*","base":{"path":"DocumentReference.context.event","min":0,"max":"*"},"type":[{"code":"CodeableConcept"}],"constraint":[{"key":"ele-1","severity":"error","human":"All FHIR elements must have a @value or children","expression":"hasValue() or (children().count() > id.count())","xpath":"@value|f:*|h:div","source":"http://hl7.org/fhir/StructureDefinition/Element"}],"isModifier":false,"isSummary":false,"binding":{"extension":[{"url":"http://hl7.org/fhir/StructureDefinition/elementdefinition-bindingName","valueString":"DocumentEventType"}],"strength":"example","description":"This list of codes represents the main clinical acts being documented.","valueSet":"http://terminology.hl7.org/ValueSet/v3-ActCode"},"mapping":[{"identity":"fhircomposition","map":"Composition.event.code"},{"identity":"rim","map":".code"},{"identity":"xds","map":"DocumentEntry.eventCodeList"}]},{"id":"DocumentReference.context.period","path":"DocumentReference.context.period","short":"Time of service that is being documented","definition":"The time period over which the service that is described by the document was provided.","min":0,"max":"1","base":{"path":"DocumentReference.context.period","min":0,"max":"1"},"type":[{"code":"Period"}],"constraint":[{"key":"ele-1","severity":"error","human":"All FHIR elements must have a @value or children","expression":"hasValue() or (children().count() > id.count())","xpath":"@value|f:*|h:div","source":"http://hl7.org/fhir/StructureDefinition/Element"}],"isModifier":false,"isSummary":true,"mapping":[{"identity":"fhircomposition","map":"Composition.event.period"},{"identity":"rim","map":".effectiveTime"},{"identity":"xds","map":"DocumentEntry.serviceStartTime, DocumentEntry.serviceStopTime"},{"identity":"cda","map":"ClinicalDocument/documentationOf/\nserviceEvent/effectiveTime/low/\n@value --> ClinicalDocument/documentationOf/\nserviceEvent/effectiveTime/high/\n@value"}]},{"id":"DocumentReference.context.facilityType","path":"DocumentReference.context.facilityType","short":"Kind of facility where patient was seen","definition":"The kind of facility where the patient was seen.","min":0,"max":"1","base":{"path":"DocumentReference.context.facilityType","min":0,"max":"1"},"type":[{"code":"CodeableConcept"}],"constraint":[{"key":"ele-1","severity":"error","human":"All FHIR elements must have a @value or children","expression":"hasValue() or (children().count() > id.count())","xpath":"@value|f:*|h:div","source":"http://hl7.org/fhir/StructureDefinition/Element"}],"isModifier":false,"isSummary":false,"binding":{"extension":[{"url":"http://hl7.org/fhir/StructureDefinition/elementdefinition-bindingName","valueString":"DocumentC80FacilityType"}],"strength":"example","description":"XDS Facility Type.","valueSet":"http://hl7.org/fhir/ValueSet/c80-facilitycodes"},"mapping":[{"identity":"fhircomposition","map":"usually from a mapping to a local ValueSet"},{"identity":"rim","map":".participation[typeCode=\"LOC\"].role[classCode=\"DSDLOC\"].code"},{"identity":"xds","map":"DocumentEntry.healthcareFacilityTypeCode"},{"identity":"cda","map":"usually a mapping to a local ValueSet. Must be consistent with /clinicalDocument/code"}]},{"id":"DocumentReference.context.practiceSetting","path":"DocumentReference.context.practiceSetting","short":"Additional details about where the content was created (e.g. clinical specialty)","definition":"This property may convey specifics about the practice setting where the content was created, often reflecting the clinical specialty.","comment":"This element should be based on a coarse classification system for the class of specialty practice. Recommend the use of the classification system for Practice Setting, such as that described by the Subject Matter Domain in LOINC.","requirements":"This is an important piece of metadata that providers often rely upon to quickly sort and/or filter out to find specific content.","min":0,"max":"1","base":{"path":"DocumentReference.context.practiceSetting","min":0,"max":"1"},"type":[{"code":"CodeableConcept"}],"constraint":[{"key":"ele-1","severity":"error","human":"All FHIR elements must have a @value or children","expression":"hasValue() or (children().count() > id.count())","xpath":"@value|f:*|h:div","source":"http://hl7.org/fhir/StructureDefinition/Element"}],"isModifier":false,"isSummary":false,"binding":{"extension":[{"url":"http://hl7.org/fhir/StructureDefinition/elementdefinition-bindingName","valueString":"DocumentC80PracticeSetting"}],"strength":"example","description":"Additional details about where the content was created (e.g. clinical specialty).","valueSet":"http://hl7.org/fhir/ValueSet/c80-practice-codes"},"mapping":[{"identity":"fhircomposition","map":"usually from a mapping to a local ValueSet"},{"identity":"rim","map":".participation[typeCode=\"LOC\"].role[classCode=\"DSDLOC\"].code"},{"identity":"xds","map":"DocumentEntry.practiceSettingCode"},{"identity":"cda","map":"usually from a mapping to a local ValueSet"}]},{"id":"DocumentReference.context.sourcePatientInfo","path":"DocumentReference.context.sourcePatientInfo","short":"Patient demographics from source","definition":"The Patient Information as known when the document was published. May be a reference to a version specific, or contained.","min":0,"max":"1","base":{"path":"DocumentReference.context.sourcePatientInfo","min":0,"max":"1"},"type":[{"code":"Reference","targetProfile":["http://hl7.org/fhir/StructureDefinition/Patient"]}],"constraint":[{"key":"ele-1","severity":"error","human":"All FHIR elements must have a @value or children","expression":"hasValue() or (children().count() > id.count())","xpath":"@value|f:*|h:div","source":"http://hl7.org/fhir/StructureDefinition/Element"}],"isModifier":false,"isSummary":false,"mapping":[{"identity":"fhircomposition","map":"Composition.subject"},{"identity":"rim","map":".participation[typeCode=\"SBJ\"].role[typeCode=\"PAT\"]"},{"identity":"xds","map":"DocumentEntry.sourcePatientInfo, DocumentEntry.sourcePatientId"},{"identity":"cda","map":"ClinicalDocument/recordTarget/"}]},{"id":"DocumentReference.context.related","path":"DocumentReference.context.related","short":"Related identifiers or resources","definition":"Related identifiers or resources associated with the DocumentReference.","comment":"May be identifiers or resources that caused the DocumentReference or referenced Document to be created.","min":0,"max":"*","base":{"path":"DocumentReference.context.related","min":0,"max":"*"},"type":[{"code":"Reference","targetProfile":["http://hl7.org/fhir/StructureDefinition/Resource"]}],"constraint":[{"key":"ele-1","severity":"error","human":"All FHIR elements must have a @value or children","expression":"hasValue() or (children().count() > id.count())","xpath":"@value|f:*|h:div","source":"http://hl7.org/fhir/StructureDefinition/Element"}],"isModifier":false,"isSummary":false,"mapping":[{"identity":"fhircomposition","map":"Composition.event.detail"},{"identity":"rim","map":"./outboundRelationship[typeCode=\"PERT\" and isNormalActRelationship()] / target[isNormalAct]"},{"identity":"xds","map":"DocumentEntry.referenceIdList"},{"identity":"cda","map":"ClinicalDocument/relatedDocument"}]}]},"differential":{"element":[{"id":"DocumentReference","path":"DocumentReference"},{"id":"DocumentReference.status","path":"DocumentReference.status","patternCode":"current"},{"id":"DocumentReference.docStatus","path":"DocumentReference.docStatus","max":"0"},{"id":"DocumentReference.type","path":"DocumentReference.type","min":1,"binding":{"strength":"required","valueSet":"https://mos.esante.gouv.fr/NOS/JDV_J23-TypeNoteCahierLiaison-CISIS/FHIR/JDV-J23-TypeNoteCahierLiaison-CISIS"}},{"id":"DocumentReference.subject","path":"DocumentReference.subject","min":1,"type":[{"code":"Reference","targetProfile":["http://interopsante.org/fhir/StructureDefinition/FrPatient"]}]},{"id":"DocumentReference.author","path":"DocumentReference.author","min":1,"type":[{"code":"Reference","targetProfile":["http://interopsante.org/fhir/StructureDefinition/FrPractitioner","https://apifhir.annuaire.sante.fr/ws-sync/exposed/structuredefinition/practitionerRole-organizationalRole-rass","https://apifhir.annuaire.sante.fr/ws-sync/exposed/structuredefinition/practitionerRole-professionalRole-rass","http://interopsante.org/fhir/StructureDefinition/FrOrganization","http://hl7.org/fhir/StructureDefinition/Device","http://interopsante.org/fhir/StructureDefinition/FrPatient","http://interopsante.org/fhir/StructureDefinition/FrRelatedPerson"]}]},{"id":"DocumentReference.securityLabel","path":"DocumentReference.securityLabel","max":"1","binding":{"strength":"required","valueSet":"https://mos.esante.gouv.fr/NOS/JDV_J110-StatutVisibiliteDocument-CISIS/FHIR/JDV-J110-StatutVisibiliteDocument-CISIS"}},{"id":"DocumentReference.content.format","path":"DocumentReference.content.format","max":"0"}]}}